mean_fit_time,std_fit_time,mean_score_time,std_score_time,param_n_neighbors,param_p,params,split0_test_score,split1_test_score,split2_test_score,split3_test_score,split4_test_score,mean_test_score,std_test_score,rank_test_score,split0_train_score,split1_train_score,split2_train_score,split3_train_score,split4_train_score,mean_train_score,std_train_score
0.004266071319580078,0.0013685715679900609,0.005991506576538086,0.001225582485145431,1,1,"{'n_neighbors': 1, 'p': 1}",0.8095238095238095,0.9523809523809523,0.9523809523809523,0.9523809523809523,0.9523809523809523,0.9238095238095239,0.05714285714285712,61,1.0,1.0,1.0,1.0,1.0,1.0,0.0
0.0025524139404296876,0.0008031548550298892,0.004136371612548828,0.0014182149277602834,1,2,"{'n_neighbors': 1, 'p': 2}",0.8571428571428571,0.9523809523809523,0.9523809523809523,0.9523809523809523,1.0,0.9428571428571428,0.04665694748158435,25,1.0,1.0,1.0,1.0,1.0,1.0,0.0
0.0026999950408935548,0.0006143123589176316,0.004637479782104492,0.001763520140416801,2,1,"{'n_neighbors': 2, 'p': 1}",0.8095238095238095,0.9523809523809523,0.9047619047619048,0.9047619047619048,0.9047619047619048,0.8952380952380953,0.04665694748158433,94,0.9880952380952381,0.9642857142857143,0.9523809523809523,0.9523809523809523,0.9285714285714286,0.9571428571428573,0.019342948582466584
0.0035499095916748046,0.0009846543641231396,0.006306982040405274,0.001452461118613005,2,2,"{'n_neighbors': 2, 'p': 2}",0.8571428571428571,0.9523809523809523,0.9523809523809523,0.9523809523809523,0.9047619047619048,0.9238095238095239,0.038095238095238085,61,0.9880952380952381,0.9642857142857143,0.9642857142857143,0.9642857142857143,0.9523809523809523,0.9666666666666668,0.011664236870396113
0.0025672435760498045,0.00039003931199438243,0.003800630569458008,0.0009357954316804145,3,1,"{'n_neighbors': 3, 'p': 1}",0.8571428571428571,0.9523809523809523,0.9523809523809523,0.9523809523809523,0.9523809523809523,0.9333333333333333,0.03809523809523809,51,0.9761904761904762,0.9523809523809523,0.9404761904761905,0.9523809523809523,0.9404761904761905,0.9523809523809523,0.013041013273932521
0.00277857780456543,0.0002190598104625164,0.003363895416259766,0.0009741947384615361,3,2,"{'n_neighbors': 3, 'p': 2}",0.8571428571428571,0.9523809523809523,0.9523809523809523,0.9523809523809523,0.9523809523809523,0.9333333333333333,0.03809523809523809,51,0.9761904761904762,0.9523809523809523,0.9404761904761905,0.9523809523809523,0.9285714285714286,0.95,0.015793451382644742
0.0023803234100341795,0.0004058621089745293,0.003408479690551758,0.0005836079776507677,4,1,"{'n_neighbors': 4, 'p': 1}",0.8571428571428571,0.9523809523809523,1.0,0.9047619047619048,0.9047619047619048,0.9238095238095237,0.04856209060564558,66,0.9642857142857143,0.9642857142857143,0.9404761904761905,0.9404761904761905,0.9285714285714286,0.9476190476190476,0.014285714285714285
0.0023934364318847655,0.0003634310178777837,0.0032874107360839843,0.0008819638470890353,4,2,"{'n_neighbors': 4, 'p': 2}",0.8571428571428571,0.9523809523809523,0.9523809523809523,0.9047619047619048,0.9047619047619048,0.9142857142857143,0.03563483225498991,74,0.9761904761904762,0.9642857142857143,0.9523809523809523,0.9523809523809523,0.9285714285714286,0.9547619047619047,0.01579345138264475
0.002635335922241211,0.0007509298968624274,0.0032886505126953126,0.0002631955641279523,5,1,"{'n_neighbors': 5, 'p': 1}",0.8571428571428571,0.9523809523809523,1.0,0.9523809523809523,0.9523809523809523,0.9428571428571428,0.04665694748158436,25,0.9880952380952381,0.9761904761904762,0.9404761904761905,0.9404761904761905,0.9523809523809523,0.9595238095238097,0.019342948582466588
0.0021821022033691405,0.0003488542278846289,0.0029758930206298826,0.000674175359059181,5,2,"{'n_neighbors': 5, 'p': 2}",0.9047619047619048,0.9523809523809523,1.0,0.9523809523809523,0.9047619047619048,0.9428571428571428,0.03563483225498991,25,0.9880952380952381,0.9761904761904762,0.9523809523809523,0.9404761904761905,0.9523809523809523,0.961904761904762,0.017496355305594152
0.0020932674407958983,0.0003308807502882669,0.0032318115234375,0.00040414697277961514,6,1,"{'n_neighbors': 6, 'p': 1}",0.9047619047619048,0.9523809523809523,1.0,0.9523809523809523,0.9523809523809523,0.9523809523809523,0.030116930096841705,11,0.9642857142857143,0.9642857142857143,0.9404761904761905,0.9523809523809523,0.9523809523809523,0.9547619047619047,0.008908708063747495
0.0024216175079345703,0.0005364210548627027,0.0035336494445800783,0.0006344163904240901,6,2,"{'n_neighbors': 6, 'p': 2}",0.9047619047619048,0.9523809523809523,1.0,0.9523809523809523,0.9047619047619048,0.9428571428571428,0.03563483225498991,25,0.9761904761904762,0.9761904761904762,0.9523809523809523,0.9404761904761905,0.9523809523809523,0.9595238095238094,0.014285714285714285
0.002528524398803711,0.0006976643326185494,0.003211832046508789,0.0008185292906425948,7,1,"{'n_neighbors': 7, 'p': 1}",0.9047619047619048,0.9523809523809523,0.9523809523809523,0.9523809523809523,1.0,0.9523809523809523,0.030116930096841705,11,0.9761904761904762,0.9761904761904762,0.9523809523809523,0.9523809523809523,0.9642857142857143,0.9642857142857142,0.01064794274999901
0.0023708343505859375,0.0005839835597775843,0.0033259868621826174,0.000724987226599054,7,2,"{'n_neighbors': 7, 'p': 2}",0.9047619047619048,0.9523809523809523,0.9523809523809523,1.0,0.9047619047619048,0.9428571428571428,0.03563483225498991,25,0.9880952380952381,0.9761904761904762,0.9761904761904762,0.9642857142857143,0.9642857142857143,0.9738095238095239,0.008908708063747484
0.0025434970855712892,0.00041696819107184507,0.003141307830810547,0.0003496153850174531,8,1,"{'n_neighbors': 8, 'p': 1}",0.9047619047619048,0.9523809523809523,0.9523809523809523,0.9523809523809523,1.0,0.9523809523809523,0.030116930096841705,11,0.9761904761904762,0.9761904761904762,0.9523809523809523,0.9523809523809523,0.9523809523809523,0.9619047619047618,0.011664236870396099
0.0027532577514648438,0.0004736346467218572,0.003594970703125,0.0006745517597006262,8,2,"{'n_neighbors': 8, 'p': 2}",0.9047619047619048,0.9523809523809523,1.0,0.9523809523809523,0.9047619047619048,0.9428571428571428,0.03563483225498991,25,0.9761904761904762,0.9880952380952381,0.9523809523809523,0.9523809523809523,0.9404761904761905,0.961904761904762,0.017496355305594152
0.0022003173828125,0.0004012235868844794,0.004181194305419922,0.001629970689780468,9,1,"{'n_neighbors': 9, 'p': 1}",0.9047619047619048,0.9523809523809523,0.9523809523809523,1.0,1.0,0.9619047619047618,0.03563483225498992,2,0.9880952380952381,0.9642857142857143,0.9523809523809523,0.9642857142857143,0.9642857142857143,0.9666666666666668,0.01166423687039611
0.0030387401580810546,0.0008710190246213991,0.004952430725097656,0.0009394935704696932,9,2,"{'n_neighbors': 9, 'p': 2}",0.9047619047619048,0.9523809523809523,0.9523809523809523,1.0,1.0,0.9619047619047618,0.03563483225498992,2,0.9880952380952381,0.9761904761904762,0.9642857142857143,0.9523809523809523,0.9404761904761905,0.9642857142857144,0.016835875742536865
0.0015996932983398438,0.0005569257675447957,0.0034175872802734374,0.00030345755653984755,10,1,"{'n_neighbors': 10, 'p': 1}",0.9047619047619048,0.9523809523809523,0.9523809523809523,0.9523809523809523,1.0,0.9523809523809523,0.030116930096841705,11,0.9880952380952381,0.9880952380952381,0.9523809523809523,0.9523809523809523,0.9404761904761905,0.9642857142857144,0.01992047682223993
0.002326822280883789,0.00037334375097850496,0.0033162117004394533,0.0007170037748295975,10,2,"{'n_neighbors': 10, 'p': 2}",0.9047619047619048,0.9523809523809523,1.0,0.9523809523809523,0.9523809523809523,0.9523809523809523,0.030116930096841705,11,0.9761904761904762,0.9761904761904762,0.9523809523809523,0.9404761904761905,0.9404761904761905,0.9571428571428571,0.016148404721726822
0.0025308609008789064,0.0002948864232411125,0.003406238555908203,0.000559860849129327,11,1,"{'n_neighbors': 11, 'p': 1}",0.9047619047619048,0.9523809523809523,0.9523809523809523,1.0,1.0,0.9619047619047618,0.03563483225498992,2,0.9880952380952381,0.9761904761904762,0.9642857142857143,0.9642857142857143,0.9523809523809523,0.9690476190476192,0.012140522651411415
0.0024963855743408204,0.0007165958026405283,0.0029635906219482424,9.7537667205559e-05,11,2,"{'n_neighbors': 11, 'p': 2}",0.9523809523809523,0.9523809523809523,0.9523809523809523,1.0,0.9523809523809523,0.9619047619047618,0.019047619047619067,2,0.9880952380952381,0.9761904761904762,0.9523809523809523,0.9523809523809523,0.9642857142857143,0.9666666666666668,0.013883218797250744
0.002431297302246094,0.000686215368620993,0.003346681594848633,0.0006481882187346281,12,1,"{'n_neighbors': 12, 'p': 1}",0.9047619047619048,0.9523809523809523,1.0,0.9523809523809523,0.9523809523809523,0.9523809523809523,0.030116930096841705,11,0.9880952380952381,0.9880952380952381,0.9642857142857143,0.9642857142857143,0.9523809523809523,0.9714285714285715,0.014285714285714316
0.0020256996154785155,3.3211151811223e-05,0.0037776470184326173,0.000815940716611562,12,2,"{'n_neighbors': 12, 'p': 2}",0.9047619047619048,0.9523809523809523,0.9523809523809523,1.0,0.9047619047619048,0.9428571428571428,0.03563483225498991,25,0.9880952380952381,0.9880952380952381,0.9523809523809523,0.9523809523809523,0.9523809523809523,0.9666666666666668,0.017496355305594177
0.00480504035949707,0.004666934585514057,0.0036908626556396485,0.0005877949542173218,13,1,"{'n_neighbors': 13, 'p': 1}",0.9047619047619048,0.9523809523809523,1.0,1.0,1.0,0.9714285714285715,0.0380952380952381,1,0.9880952380952381,0.9880952380952381,0.9642857142857143,0.9642857142857143,0.9523809523809523,0.9714285714285715,0.014285714285714316
0.0033711910247802733,0.0012182918907641719,0.0037116527557373045,0.0008649878018064328,13,2,"{'n_neighbors': 13, 'p': 2}",0.9523809523809523,0.9523809523809523,0.9523809523809523,0.9523809523809523,0.9047619047619048,0.9428571428571428,0.019047619047619025,25,0.9880952380952381,0.9761904761904762,0.9523809523809523,0.9642857142857143,0.9523809523809523,0.9666666666666668,0.013883218797250746
0.001684093475341797,0.00039537557892207987,0.0038330078125,0.0005313865546257143,14,1,"{'n_neighbors': 14, 'p': 1}",0.9047619047619048,0.9523809523809523,1.0,0.9523809523809523,1.0,0.9619047619047618,0.03563483225498992,2,0.9880952380952381,0.9761904761904762,0.9523809523809523,0.9642857142857143,0.9523809523809523,0.9666666666666668,0.013883218797250746
0.00228424072265625,0.000616445119347721,0.003194761276245117,0.00021695584511353995,14,2,"{'n_neighbors': 14, 'p': 2}",0.9047619047619048,0.9523809523809523,1.0,0.9523809523809523,0.9047619047619048,0.9428571428571428,0.03563483225498991,25,0.9761904761904762,0.9761904761904762,0.9523809523809523,0.9523809523809523,0.9404761904761905,0.9595238095238094,0.014285714285714285
0.002313089370727539,0.0005206201774018447,0.002893495559692383,0.0005191605679451008,15,1,"{'n_neighbors': 15, 'p': 1}",0.9047619047619048,0.9523809523809523,0.9523809523809523,0.9523809523809523,1.0,0.9523809523809523,0.030116930096841705,11,0.9761904761904762,0.9880952380952381,0.9642857142857143,0.9761904761904762,0.9523809523809523,0.9714285714285715,0.012140522651411415
0.002140522003173828,0.00026187994839400446,0.0034728050231933594,0.0008124206333226958,15,2,"{'n_neighbors': 15, 'p': 2}",0.9047619047619048,0.9523809523809523,0.9523809523809523,0.9047619047619048,0.9047619047619048,0.9238095238095237,0.023328473740792145,66,0.9642857142857143,0.9761904761904762,0.9523809523809523,0.9642857142857143,0.9523809523809523,0.9619047619047618,0.008908708063747495
0.002396249771118164,0.0003590700507325394,0.0036719799041748046,0.0006859388224941771,16,1,"{'n_neighbors': 16, 'p': 1}",0.9047619047619048,1.0,1.0,0.9523809523809523,0.9523809523809523,0.9619047619047618,0.03563483225498992,2,0.9880952380952381,0.9761904761904762,0.9642857142857143,0.9642857142857143,0.9523809523809523,0.9690476190476192,0.012140522651411415
0.0020049095153808595,7.544582553757279e-06,0.003107786178588867,0.0008011094016231693,16,2,"{'n_neighbors': 16, 'p': 2}",0.9047619047619048,0.9523809523809523,1.0,0.9523809523809523,0.9047619047619048,0.9428571428571428,0.03563483225498991,25,0.9642857142857143,0.9761904761904762,0.9523809523809523,0.9285714285714286,0.9404761904761905,0.9523809523809523,0.016835875742536834
0.0022002220153808593,0.0004001387074934093,0.0038544178009033204,0.0004970819048095394,17,1,"{'n_neighbors': 17, 'p': 1}",0.9047619047619048,1.0,0.9523809523809523,0.9523809523809523,0.9523809523809523,0.9523809523809523,0.030116930096841705,11,0.9761904761904762,0.9642857142857143,0.9523809523809523,0.9761904761904762,0.9523809523809523,0.9642857142857142,0.01064794274999901
0.0023754119873046877,0.0006718235430366518,0.0031356334686279295,0.0008797884423546475,17,2,"{'n_neighbors': 17, 'p': 2}",0.9047619047619048,0.9523809523809523,0.9523809523809523,0.9523809523809523,0.9523809523809523,0.9428571428571428,0.01904761904761902,25,0.9642857142857143,0.9642857142857143,0.9523809523809523,0.9285714285714286,0.9404761904761905,0.95,0.013883218797250711
0.002430629730224609,0.0004297248268458248,0.003288555145263672,0.0005730220478891748,18,1,"{'n_neighbors': 18, 'p': 1}",0.9047619047619048,1.0,1.0,0.9523809523809523,0.9523809523809523,0.9619047619047618,0.03563483225498992,2,0.9761904761904762,0.9642857142857143,0.9404761904761905,0.9642857142857143,0.9404761904761905,0.9571428571428571,0.014285714285714289
0.0021649837493896485,0.0002140539264418155,0.0033872127532958984,0.00048547530845398953,18,2,"{'n_neighbors': 18, 'p': 2}",0.9047619047619048,0.9047619047619048,1.0,0.9523809523809523,0.9523809523809523,0.9428571428571428,0.03563483225498991,25,0.9523809523809523,0.9761904761904762,0.9404761904761905,0.9285714285714286,0.9404761904761905,0.9476190476190476,0.016148404721726812
0.0023569107055664063,0.0006817441857379404,0.0036444664001464844,0.0009551916806653506,19,1,"{'n_neighbors': 19, 'p': 1}",0.9047619047619048,0.9523809523809523,1.0,0.9523809523809523,0.9523809523809523,0.9523809523809523,0.030116930096841705,11,0.9761904761904762,0.9523809523809523,0.9404761904761905,0.9642857142857143,0.9523809523809523,0.9571428571428571,0.012140522651411398
0.002037191390991211,6.47246681180514e-05,0.0033855438232421875,0.0004425965925253352,19,2,"{'n_neighbors': 19, 'p': 2}",0.9047619047619048,0.9047619047619048,0.9523809523809523,0.9523809523809523,0.9523809523809523,0.9333333333333333,0.023328473740792145,51,0.9642857142857143,0.9642857142857143,0.9404761904761905,0.9285714285714286,0.9404761904761905,0.9476190476190476,0.014285714285714285
0.002537250518798828,0.0011940767279707597,0.004285335540771484,0.000597932102564264,20,1,"{'n_neighbors': 20, 'p': 1}",0.9047619047619048,0.9523809523809523,1.0,0.9047619047619048,0.9523809523809523,0.9428571428571428,0.03563483225498991,25,0.9642857142857143,0.9761904761904762,0.9404761904761905,0.9523809523809523,0.9523809523809523,0.9571428571428571,0.012140522651411398
0.002828693389892578,0.0008571860704243123,0.003170347213745117,0.0005249980273406058,20,2,"{'n_neighbors': 20, 'p': 2}",0.9047619047619048,0.9047619047619048,1.0,0.9047619047619048,0.9523809523809523,0.9333333333333332,0.038095238095238085,59,0.9404761904761905,0.9761904761904762,0.9285714285714286,0.9285714285714286,0.9404761904761905,0.9428571428571428,0.017496355305594107
0.0022019386291503907,0.000406184451479739,0.0034093379974365233,0.0001853000117616773,21,1,"{'n_neighbors': 21, 'p': 1}",0.9047619047619048,0.9523809523809523,1.0,0.9523809523809523,0.9523809523809523,0.9523809523809523,0.030116930096841705,11,0.9761904761904762,0.9642857142857143,0.9523809523809523,0.9642857142857143,0.9523809523809523,0.9619047619047618,0.008908708063747495
0.0020781517028808593,0.0005732357072796469,0.0036346912384033203,0.0004321045865759355,21,2,"{'n_neighbors': 21, 'p': 2}",0.9047619047619048,0.9047619047619048,0.9523809523809523,0.9047619047619048,0.9523809523809523,0.9238095238095237,0.023328473740792145,66,0.9761904761904762,0.9523809523809523,0.9285714285714286,0.9404761904761905,0.9404761904761905,0.9476190476190476,0.016148404721726812
0.0031341075897216796,0.0008802107400609125,0.00407705307006836,0.0005927980521176985,22,1,"{'n_neighbors': 22, 'p': 1}",0.9047619047619048,0.9047619047619048,1.0,0.9523809523809523,0.9523809523809523,0.9428571428571428,0.03563483225498991,25,0.9404761904761905,0.9761904761904762,0.9523809523809523,0.9523809523809523,0.9523809523809523,0.9547619047619047,0.011664236870396087
0.002513265609741211,0.000615596228288312,0.0033172607421875,0.0005149349568872924,22,2,"{'n_neighbors': 22, 'p': 2}",0.9047619047619048,0.9047619047619048,1.0,0.9047619047619048,0.9047619047619048,0.9238095238095237,0.03809523809523809,66,0.9523809523809523,0.9523809523809523,0.9404761904761905,0.9404761904761905,0.9523809523809523,0.9476190476190476,0.0058321184351980224
0.0025013446807861327,0.0005625055491223716,0.003115415573120117,0.0005358935627600079,23,1,"{'n_neighbors': 23, 'p': 1}",0.9047619047619048,0.9047619047619048,0.9523809523809523,0.9047619047619048,0.9523809523809523,0.9238095238095237,0.023328473740792145,66,0.9404761904761905,0.9523809523809523,0.9523809523809523,0.9523809523809523,0.9523809523809523,0.95,0.004761904761904744
0.0024134159088134766,0.0005436126095234948,0.003648185729980469,0.0009259457368665442,23,2,"{'n_neighbors': 23, 'p': 2}",0.9047619047619048,0.9523809523809523,1.0,0.9047619047619048,0.9523809523809523,0.9428571428571428,0.03563483225498991,25,0.9523809523809523,0.9642857142857143,0.9285714285714286,0.9404761904761905,0.9523809523809523,0.9476190476190476,0.012140522651411379
0.002181339263916016,0.0001983290306319557,0.0037638664245605467,0.0009532228879609675,24,1,"{'n_neighbors': 24, 'p': 1}",0.9047619047619048,0.9523809523809523,1.0,0.9047619047619048,0.9523809523809523,0.9428571428571428,0.03563483225498991,25,0.9642857142857143,0.9404761904761905,0.9404761904761905,0.9404761904761905,0.9404761904761905,0.9452380952380952,0.009523809523809533
0.002441549301147461,0.0008697558730180007,0.003751993179321289,0.000805707599242942,24,2,"{'n_neighbors': 24, 'p': 2}",0.9047619047619048,0.9523809523809523,1.0,0.9047619047619048,0.9523809523809523,0.9428571428571428,0.03563483225498991,25,0.9404761904761905,0.9523809523809523,0.9404761904761905,0.9404761904761905,0.9404761904761905,0.9428571428571428,0.004761904761904744
0.0023217201232910156,0.00037461982324358525,0.004294919967651367,0.0007912079147955172,25,1,"{'n_neighbors': 25, 'p': 1}",0.9047619047619048,1.0,1.0,0.9047619047619048,0.9523809523809523,0.9523809523809523,0.04259177099999599,11,0.9642857142857143,0.9404761904761905,0.9404761904761905,0.9642857142857143,0.9404761904761905,0.95,0.011664236870396099
0.004021787643432617,0.0005168587640846744,0.004089212417602539,0.0005520498584640468,25,2,"{'n_neighbors': 25, 'p': 2}",0.9047619047619048,1.0,1.0,0.9047619047619048,0.9523809523809523,0.9523809523809523,0.04259177099999599,11,0.9642857142857143,0.9523809523809523,0.9404761904761905,0.9523809523809523,0.9523809523809523,0.9523809523809523,0.007529232524210435
0.002726125717163086,0.0005505902905705348,0.005310201644897461,0.0010737218612687858,26,1,"{'n_neighbors': 26, 'p': 1}",0.9047619047619048,1.0,1.0,0.9047619047619048,0.9047619047619048,0.9428571428571428,0.046656947481584346,25,0.9523809523809523,0.9404761904761905,0.9404761904761905,0.9523809523809523,0.9285714285714286,0.9428571428571428,0.008908708063747448
0.003449106216430664,0.0005266749108089664,0.0041485786437988285,0.0007256775490243696,26,2,"{'n_neighbors': 26, 'p': 2}",0.9047619047619048,1.0,1.0,0.9047619047619048,0.9047619047619048,0.9428571428571428,0.046656947481584346,25,0.9523809523809523,0.9523809523809523,0.9404761904761905,0.9523809523809523,0.9523809523809523,0.95,0.004761904761904744
0.0022333145141601564,0.0001451990991813304,0.004001188278198242,0.0010278950616716554,27,1,"{'n_neighbors': 27, 'p': 1}",0.9047619047619048,1.0,1.0,0.9047619047619048,0.9523809523809523,0.9523809523809523,0.04259177099999599,11,0.9642857142857143,0.9523809523809523,0.9404761904761905,0.9523809523809523,0.9285714285714286,0.9476190476190476,0.012140522651411379
0.002523040771484375,0.0003497896363972774,0.0031864166259765623,0.00023514630638846792,27,2,"{'n_neighbors': 27, 'p': 2}",0.9047619047619048,1.0,1.0,0.9047619047619048,0.9047619047619048,0.9428571428571428,0.046656947481584346,25,0.9523809523809523,0.9523809523809523,0.9404761904761905,0.9523809523809523,0.9404761904761905,0.9476190476190476,0.0058321184351980224
0.0024297237396240234,0.0007336853040390556,0.003256988525390625,0.00021219143170701926,28,1,"{'n_neighbors': 28, 'p': 1}",0.9047619047619048,1.0,1.0,0.9047619047619048,0.9047619047619048,0.9428571428571428,0.046656947481584346,25,0.9523809523809523,0.9404761904761905,0.9404761904761905,0.9285714285714286,0.9285714285714286,0.9380952380952381,0.008908708063747448
0.002328634262084961,0.0005271816606465871,0.003166341781616211,0.00023519480337639198,28,2,"{'n_neighbors': 28, 'p': 2}",0.9047619047619048,0.9523809523809523,1.0,0.9047619047619048,0.9047619047619048,0.9333333333333333,0.038095238095238085,51,0.9404761904761905,0.9285714285714286,0.9404761904761905,0.9404761904761905,0.9404761904761905,0.9380952380952381,0.004761904761904744
0.001982450485229492,0.0002783349590410846,0.0034561634063720705,0.0003845550933031284,29,1,"{'n_neighbors': 29, 'p': 1}",0.9047619047619048,1.0,1.0,0.9047619047619048,0.9047619047619048,0.9428571428571428,0.046656947481584346,25,0.9523809523809523,0.9523809523809523,0.9404761904761905,0.9642857142857143,0.9285714285714286,0.9476190476190476,0.012140522651411379
0.0019903182983398438,0.000316194203639032,0.0033000946044921876,0.00032863628013285733,29,2,"{'n_neighbors': 29, 'p': 2}",0.9047619047619048,1.0,1.0,0.9047619047619048,0.9047619047619048,0.9428571428571428,0.046656947481584346,25,0.9404761904761905,0.9404761904761905,0.9404761904761905,0.9523809523809523,0.9404761904761905,0.9428571428571428,0.004761904761904744
0.002406454086303711,0.0005646994774542045,0.0035141944885253907,0.0005514401783166559,30,1,"{'n_neighbors': 30, 'p': 1}",0.9047619047619048,1.0,1.0,0.9047619047619048,0.9047619047619048,0.9428571428571428,0.046656947481584346,25,0.9523809523809523,0.9404761904761905,0.9404761904761905,0.9642857142857143,0.9285714285714286,0.9452380952380952,0.012140522651411386
0.002621173858642578,0.0007111478781915649,0.0030361175537109374,0.0005432076207786674,30,2,"{'n_neighbors': 30, 'p': 2}",0.9047619047619048,0.9523809523809523,1.0,0.9047619047619048,0.9047619047619048,0.9333333333333333,0.038095238095238085,51,0.9404761904761905,0.9285714285714286,0.9404761904761905,0.9285714285714286,0.9285714285714286,0.9333333333333333,0.0058321184351980224
0.001937532424926758,0.0005370407279061285,0.003467416763305664,0.0010597644597617837,31,1,"{'n_neighbors': 31, 'p': 1}",0.9047619047619048,1.0,1.0,0.9047619047619048,0.9523809523809523,0.9523809523809523,0.04259177099999599,11,0.9761904761904762,0.9404761904761905,0.9404761904761905,0.9761904761904762,0.9285714285714286,0.9523809523809523,0.019920476822239876
0.0024300575256347655,0.0005304648386071553,0.003790760040283203,0.00042306971030762374,31,2,"{'n_neighbors': 31, 'p': 2}",0.9047619047619048,1.0,1.0,0.9523809523809523,0.9523809523809523,0.9619047619047618,0.03563483225498992,2,0.9523809523809523,0.9404761904761905,0.9285714285714286,0.9523809523809523,0.9404761904761905,0.9428571428571428,0.008908708063747448
0.0022794723510742186,0.0003888786207709982,0.003808403015136719,0.000489643425524059,32,1,"{'n_neighbors': 32, 'p': 1}",0.9047619047619048,1.0,1.0,0.9047619047619048,0.9047619047619048,0.9428571428571428,0.046656947481584346,25,0.9642857142857143,0.9285714285714286,0.9285714285714286,0.9404761904761905,0.9285714285714286,0.9380952380952381,0.01388321879725071
0.002336931228637695,0.00023659131786081677,0.003360271453857422,0.0006733579747125941,32,2,"{'n_neighbors': 32, 'p': 2}",0.9047619047619048,0.9523809523809523,1.0,0.8571428571428571,0.9047619047619048,0.9238095238095239,0.04856209060564558,61,0.9404761904761905,0.9285714285714286,0.9166666666666666,0.9285714285714286,0.9285714285714286,0.9285714285714286,0.007529232524210435
0.002521705627441406,0.0004081917528760497,0.003216075897216797,0.0005186638542564103,33,1,"{'n_neighbors': 33, 'p': 1}",0.9047619047619048,1.0,1.0,0.9047619047619048,0.9047619047619048,0.9428571428571428,0.046656947481584346,25,0.9761904761904762,0.9404761904761905,0.9404761904761905,0.9642857142857143,0.9285714285714286,0.95,0.017496355305594118
0.001968240737915039,0.00019120263912962446,0.0037186145782470703,0.00032522419611142835,33,2,"{'n_neighbors': 33, 'p': 2}",0.9047619047619048,1.0,1.0,0.9523809523809523,0.9523809523809523,0.9619047619047618,0.03563483225498992,2,0.9761904761904762,0.9642857142857143,0.9285714285714286,0.9523809523809523,0.9404761904761905,0.9523809523809523,0.016835875742536834
0.003079128265380859,0.0006397706470548944,0.003931808471679688,0.0009497425857510402,34,1,"{'n_neighbors': 34, 'p': 1}",0.9047619047619048,0.9523809523809523,1.0,0.9047619047619048,0.9047619047619048,0.9333333333333333,0.038095238095238085,51,0.9523809523809523,0.9404761904761905,0.9285714285714286,0.9523809523809523,0.9166666666666666,0.9380952380952381,0.0138832187972507
0.0028110027313232424,0.0006070107132567639,0.003921604156494141,0.000649183777302041,34,2,"{'n_neighbors': 34, 'p': 2}",0.9047619047619048,0.9523809523809523,1.0,0.9047619047619048,0.9047619047619048,0.9333333333333333,0.038095238095238085,51,0.9642857142857143,0.9523809523809523,0.9166666666666666,0.9523809523809523,0.9166666666666666,0.9404761904761905,0.0199204768222399
0.0021547794342041014,0.00016911703243155217,0.003599405288696289,0.0008103846591793413,35,1,"{'n_neighbors': 35, 'p': 1}",0.9047619047619048,0.9523809523809523,1.0,0.9047619047619048,0.9047619047619048,0.9333333333333333,0.038095238095238085,51,0.9642857142857143,0.9642857142857143,0.9404761904761905,0.9761904761904762,0.9166666666666666,0.9523809523809523,0.02129588549999801
0.0020489215850830076,0.0002892285803894633,0.00338597297668457,0.0003938104354965959,35,2,"{'n_neighbors': 35, 'p': 2}",0.9047619047619048,0.9047619047619048,1.0,0.9047619047619048,0.9523809523809523,0.9333333333333332,0.038095238095238085,59,0.9523809523809523,0.9523809523809523,0.9523809523809523,0.9404761904761905,0.9047619047619048,0.9404761904761905,0.018442777839082915
0.0022802352905273438,0.0003920956595484314,0.003698253631591797,0.0004824462388994021,36,1,"{'n_neighbors': 36, 'p': 1}",0.8571428571428571,0.9523809523809523,1.0,0.8571428571428571,0.9047619047619048,0.9142857142857143,0.05553287518900288,74,0.9523809523809523,0.9404761904761905,0.9404761904761905,0.9285714285714286,0.9166666666666666,0.9357142857142857,0.012140522651411384
0.0020328044891357424,4.0820547221132935e-05,0.0033878326416015626,0.0005181316510540759,36,2,"{'n_neighbors': 36, 'p': 2}",0.8571428571428571,0.9047619047619048,1.0,0.8571428571428571,0.9047619047619048,0.9047619047619048,0.05216405309573012,85,0.9642857142857143,0.9404761904761905,0.9404761904761905,0.9404761904761905,0.9166666666666666,0.9404761904761905,0.01505846504842087
0.0029274940490722655,0.0008186311029602182,0.0032572269439697264,0.0006121716221711509,37,1,"{'n_neighbors': 37, 'p': 1}",0.8571428571428571,0.9047619047619048,0.9523809523809523,0.9047619047619048,0.9523809523809523,0.9142857142857143,0.03563483225498991,74,0.9642857142857143,0.9523809523809523,0.9166666666666666,0.9404761904761905,0.9166666666666666,0.9380952380952381,0.01904761904761906
0.0024040699005126952,0.00045109083989289353,0.003078794479370117,0.0003199228603159334,37,2,"{'n_neighbors': 37, 'p': 2}",0.8571428571428571,0.9047619047619048,1.0,0.9047619047619048,0.9047619047619048,0.9142857142857143,0.04665694748158436,74,0.9523809523809523,0.9523809523809523,0.9404761904761905,0.9285714285714286,0.9404761904761905,0.9428571428571428,0.008908708063747448
0.0029543399810791015,0.0008820672590408849,0.004563331604003906,0.000739961780343329,38,1,"{'n_neighbors': 38, 'p': 1}",0.8571428571428571,0.9047619047619048,0.9523809523809523,0.8571428571428571,0.9047619047619048,0.8952380952380953,0.03563483225498992,94,0.9404761904761905,0.9166666666666666,0.9047619047619048,0.9285714285714286,0.9047619047619048,0.9190476190476191,0.013883218797250714
0.0023703575134277344,0.0006883435974841906,0.0032195091247558595,0.000390983749520399,38,2,"{'n_neighbors': 38, 'p': 2}",0.8571428571428571,0.9523809523809523,1.0,0.8571428571428571,0.9047619047619048,0.9142857142857143,0.05553287518900288,74,0.9523809523809523,0.9285714285714286,0.9404761904761905,0.9047619047619048,0.9047619047619048,0.9261904761904761,0.01904761904761903
0.0025640010833740236,0.0004588367976779948,0.0034553050994873048,0.0005529206919845285,39,1,"{'n_neighbors': 39, 'p': 1}",0.8571428571428571,0.9047619047619048,0.9523809523809523,0.8571428571428571,0.9523809523809523,0.9047619047619048,0.04259177099999599,85,0.9523809523809523,0.9404761904761905,0.9166666666666666,0.9166666666666666,0.9047619047619048,0.9261904761904761,0.017496355305594118
0.002338600158691406,0.00041991435677706716,0.00300445556640625,6.455114233050156e-06,39,2,"{'n_neighbors': 39, 'p': 2}",0.9047619047619048,0.9523809523809523,1.0,0.8571428571428571,0.9047619047619048,0.9238095238095239,0.04856209060564558,61,0.9523809523809523,0.9285714285714286,0.9523809523809523,0.9047619047619048,0.9285714285714286,0.9333333333333332,0.01781741612749493
0.0027592658996582033,0.0011085623986204895,0.003433895111083984,0.0003554781005910549,40,1,"{'n_neighbors': 40, 'p': 1}",0.8571428571428571,0.9047619047619048,1.0,0.8571428571428571,0.9047619047619048,0.9047619047619048,0.05216405309573012,85,0.9404761904761905,0.9285714285714286,0.9047619047619048,0.9047619047619048,0.8928571428571429,0.9142857142857143,0.017496355305594118
0.0025765419006347655,0.0005756934101506508,0.0036860942840576173,0.0010010272978508681,40,2,"{'n_neighbors': 40, 'p': 2}",0.9047619047619048,0.9523809523809523,1.0,0.8571428571428571,0.9047619047619048,0.9238095238095239,0.04856209060564558,61,0.9523809523809523,0.9166666666666666,0.9523809523809523,0.9166666666666666,0.9166666666666666,0.9309523809523809,0.01749635530559412
0.002224302291870117,0.0003990457449001473,0.003399085998535156,0.0008176577374501623,41,1,"{'n_neighbors': 41, 'p': 1}",0.8095238095238095,0.9047619047619048,1.0,0.8571428571428571,0.9047619047619048,0.8952380952380953,0.06317380553057905,94,0.9523809523809523,0.9404761904761905,0.9047619047619048,0.9047619047619048,0.8928571428571429,0.919047619047619,0.023084189797220583
0.0025302886962890623,0.0004649521349222139,0.0039349555969238285,0.0008662831062477163,41,2,"{'n_neighbors': 41, 'p': 2}",0.9047619047619048,0.9047619047619048,1.0,0.8571428571428571,0.9047619047619048,0.9142857142857143,0.04665694748158436,74,0.9761904761904762,0.9404761904761905,0.9285714285714286,0.9285714285714286,0.9285714285714286,0.9404761904761905,0.018442777839082915
0.0022307872772216798,0.0010163685493698542,0.006935834884643555,0.0007121239923992805,42,1,"{'n_neighbors': 42, 'p': 1}",0.8095238095238095,0.9047619047619048,1.0,0.8571428571428571,0.9047619047619048,0.8952380952380953,0.06317380553057905,94,0.9285714285714286,0.9285714285714286,0.9166666666666666,0.9047619047619048,0.8928571428571429,0.9142857142857143,0.013883218797250711
0.00163726806640625,0.0004954792952743567,0.010518264770507813,0.000591967691994693,42,2,"{'n_neighbors': 42, 'p': 2}",0.8571428571428571,0.9523809523809523,1.0,0.8571428571428571,0.9047619047619048,0.9142857142857143,0.05553287518900288,74,0.9523809523809523,0.9285714285714286,0.9285714285714286,0.9285714285714286,0.9285714285714286,0.9333333333333333,0.009523809523809488
0.0022734642028808595,0.00041527245753175007,0.007039833068847656,0.0006972812998071068,43,1,"{'n_neighbors': 43, 'p': 1}",0.8095238095238095,0.9047619047619048,0.9523809523809523,0.8571428571428571,0.9047619047619048,0.8857142857142858,0.04856209060564556,99,0.9642857142857143,0.9285714285714286,0.9047619047619048,0.9166666666666666,0.9047619047619048,0.9238095238095237,0.02208004403689454
0.00206608772277832,0.00038136806921650095,0.012605953216552734,0.001540290873101316,43,2,"{'n_neighbors': 43, 'p': 2}",0.8571428571428571,0.9047619047619048,1.0,0.9047619047619048,0.9047619047619048,0.9142857142857143,0.04665694748158436,74,0.9642857142857143,0.9285714285714286,0.9285714285714286,0.9285714285714286,0.9404761904761905,0.9380952380952381,0.01388321879725071
0.002372264862060547,0.0003253072070893029,0.0074421405792236325,0.0004860863957825467,44,1,"{'n_neighbors': 44, 'p': 1}",0.8095238095238095,0.9047619047619048,1.0,0.8571428571428571,0.9047619047619048,0.8952380952380953,0.06317380553057905,94,0.9404761904761905,0.9285714285714286,0.9047619047619048,0.9166666666666666,0.9047619047619048,0.919047619047619,0.013883218797250714
0.001913738250732422,0.00047374884914378563,0.011725902557373047,0.0009423718051679846,44,2,"{'n_neighbors': 44, 'p': 2}",0.8571428571428571,0.9047619047619048,1.0,0.8571428571428571,0.9047619047619048,0.9047619047619048,0.05216405309573012,85,0.9404761904761905,0.9166666666666666,0.9166666666666666,0.9166666666666666,0.9285714285714286,0.9238095238095237,0.00952380952380954
0.0019231319427490234,0.0004828400746272481,0.006781864166259766,0.00043613019642814574,45,1,"{'n_neighbors': 45, 'p': 1}",0.8095238095238095,0.9047619047619048,1.0,0.8571428571428571,0.9523809523809523,0.9047619047619048,0.06734350297014738,85,0.9523809523809523,0.9404761904761905,0.9047619047619048,0.9166666666666666,0.9047619047619048,0.9238095238095237,0.019342948582466556
0.0022501468658447264,0.00037768144105781385,0.011256265640258788,0.00029467693026675123,45,2,"{'n_neighbors': 45, 'p': 2}",0.8571428571428571,0.9047619047619048,1.0,0.9047619047619048,0.9047619047619048,0.9142857142857143,0.04665694748158436,74,0.9642857142857143,0.9285714285714286,0.9166666666666666,0.9285714285714286,0.9166666666666666,0.930952380952381,0.017496355305594145
0.0019357681274414062,0.000267779470227475,0.007621145248413086,0.0006179440635983052,46,1,"{'n_neighbors': 46, 'p': 1}",0.8095238095238095,0.9047619047619048,1.0,0.8571428571428571,0.9523809523809523,0.9047619047619048,0.06734350297014738,85,0.9523809523809523,0.9285714285714286,0.9047619047619048,0.9285714285714286,0.9047619047619048,0.9238095238095239,0.01781741612749494
0.0022335052490234375,0.0001502402579017309,0.01195526123046875,0.0007261783751459853,46,2,"{'n_neighbors': 46, 'p': 2}",0.8571428571428571,0.9047619047619048,1.0,0.8571428571428571,0.9047619047619048,0.9047619047619048,0.05216405309573012,85,0.9404761904761905,0.9047619047619048,0.9166666666666666,0.9166666666666666,0.9047619047619048,0.9166666666666666,0.013041013273932521
0.002180624008178711,0.00018411505793637423,0.0072800636291503905,0.00045381044530063693,47,1,"{'n_neighbors': 47, 'p': 1}",0.8095238095238095,0.9047619047619048,1.0,0.9047619047619048,1.0,0.9238095238095237,0.07126966450997983,66,0.9404761904761905,0.9404761904761905,0.9047619047619048,0.9523809523809523,0.9047619047619048,0.9285714285714286,0.019920476822239876
0.002351808547973633,0.0005899944022425655,0.011676216125488281,0.0003762533928604786,47,2,"{'n_neighbors': 47, 'p': 2}",0.8095238095238095,0.8571428571428571,1.0,0.8571428571428571,0.9047619047619048,0.8857142857142858,0.06459361888690732,99,0.9285714285714286,0.9523809523809523,0.9285714285714286,0.9166666666666666,0.9047619047619048,0.9261904761904761,0.01579345138264475
0.001997041702270508,0.0008623248916557949,0.007325553894042968,0.0007734316433087787,48,1,"{'n_neighbors': 48, 'p': 1}",0.8095238095238095,0.9047619047619048,1.0,0.8571428571428571,0.9523809523809523,0.9047619047619048,0.06734350297014738,85,0.9523809523809523,0.9523809523809523,0.9166666666666666,0.9285714285714286,0.9166666666666666,0.9333333333333333,0.016148404721726815
0.0017865657806396484,0.0004405760811458613,0.011426544189453125,0.0008786944546627685,48,2,"{'n_neighbors': 48, 'p': 2}",0.8571428571428571,0.9523809523809523,1.0,0.8571428571428571,0.9047619047619048,0.9142857142857143,0.05553287518900288,74,0.9404761904761905,0.9404761904761905,0.9166666666666666,0.9166666666666666,0.9047619047619048,0.9238095238095237,0.014285714285714285
0.001648712158203125,0.0005174175669701142,0.007039785385131836,0.0005883121512894632,49,1,"{'n_neighbors': 49, 'p': 1}",0.8095238095238095,0.9047619047619048,0.9523809523809523,0.8571428571428571,1.0,0.9047619047619048,0.06734350297014738,85,0.9642857142857143,0.9285714285714286,0.9166666666666666,0.9285714285714286,0.9166666666666666,0.930952380952381,0.017496355305594145
0.0018517017364501954,0.0004059845610606763,0.010698318481445312,0.0003765784437318215,49,2,"{'n_neighbors': 49, 'p': 2}",0.8571428571428571,0.9047619047619048,1.0,0.9047619047619048,0.9523809523809523,0.9238095238095237,0.04856209060564558,66,0.9523809523809523,0.9642857142857143,0.9285714285714286,0.9285714285714286,0.9166666666666666,0.9380952380952381,0.017496355305594128
0.001630878448486328,0.0004989705819661061,0.006767082214355469,0.00039784831641180454,50,1,"{'n_neighbors': 50, 'p': 1}",0.8571428571428571,0.9047619047619048,1.0,0.8571428571428571,1.0,0.9238095238095237,0.06459361888690733,66,0.9642857142857143,0.9523809523809523,0.9285714285714286,0.9166666666666666,0.9285714285714286,0.938095238095238,0.017496355305594128
0.0016353607177734375,0.0004921518615627264,0.009996843338012696,0.0005532220321763913,50,2,"{'n_neighbors': 50, 'p': 2}",0.8571428571428571,0.9523809523809523,1.0,0.8571428571428571,0.9047619047619048,0.9142857142857143,0.05553287518900288,74,0.9285714285714286,0.9166666666666666,0.9166666666666666,0.9166666666666666,0.9285714285714286,0.9214285714285714,0.005832118435198077
